<?xml version="1.0" encoding="UTF-8"?>
<odoo>
    <record id="knk_model_purchase_order_action_cancel" model="ir.actions.server">
        <field name="name">Cancel Order(s)</field>
        <field name="model_id" ref="purchase.model_purchase_order"/>
        <field name="binding_model_id" ref="purchase.model_purchase_order"/>
        <field name="binding_view_types">list</field>
        <field name="state">code</field>
        <field name="code">
            if records:
                records.filtered(lambda x: x.state in ('draft', 'purchase')).button_cancel()
        </field>
    </record>
</odoo>
