<?xml version="1.0" encoding="utf-8"?>
<odoo>
    <!--    Record Rules For Product Template -->
    <record id="product_template_rule_internal_user" model="ir.rule">
        <field name="name">Restrict Products From Users</field>
        <field ref="model_product_template" name="model_id"/>
        <field name="domain_force">
            ['|',('is_product','=',True),('restrict_user_ids', 'in',user.id)]
        </field>
        <field name="groups" eval="[(4, ref('base.group_user'))]"/>
        <field name="perm_read" eval="True"/>
        <field name="perm_write" eval="True"/>
        <field name="perm_create" eval="True"/>
        <field name="perm_unlink" eval="True"/>
        <field name="active" eval="True"/>
    </record>
    <record id="product_template_rule_admin" model="ir.rule">
        <field name="name">Products For Admin</field>
        <field name="model_id" ref="model_product_template"/>
        <field name="domain_force">[(1,'=',1)]</field>
        <field name="groups" eval="[(4, ref('base.group_erp_manager'))]"/>
        <field name="perm_read" eval="True"/>
        <field name="perm_write" eval="True"/>
        <field name="perm_create" eval="True"/>
        <field name="perm_unlink" eval="True"/>
        <field name="active" eval="True"/>
    </record>
</odoo>
