<?xml version="1.0" encoding="UTF-8"?>
<templates xml:space="preserve">
<!-- Extension template for adding buttons in the listview -->
    <t t-inherit="web.ListView.Buttons" t-inherit-mode="extension">
        <!-- Add buttons after the 'Digitize Bill' button -->
        <xpath expr="//div[hasclass('o_list_buttons')]"
               position="inside">
            <!-- Add button for digitize the bill-->
            <t t-if="this.props.context.default_move_type == 'in_invoice'">
            <button type="button" class="btn btn-secondary " t-if="this.state.button_state"
                    t-on-click="onClickDigitize" data-tooltip="Print PDF">Digitize Bill</button>
            </t>
        </xpath>
    </t>
    <t t-inherit="account.ListView.Buttons" t-inherit-mode="extension">
        <!-- Add buttons after the 'Digitize Bill' button -->
        <xpath expr="//div[hasclass('o_list_buttons')]"
               position="inside">
            <!-- Add button for digitize the bill-->
            <t t-if="this.props.context.default_move_type == 'in_invoice'">
            <button type="button" class="btn btn-secondary" t-if="this.state.button_state"
                    t-on-click="onClickDigitize" data-tooltip="Print PDF">Digitize Bill</button>
                        </t>
        </xpath>
    </t>
</templates>
